;
zehn-f-;
xartE ;
reflex ;
xseveN ;
KHRN ;
Aeriall ;
Jone ;
Tunkkis ;
sergej ;
hoodyy- ;
_KRTZ ;
jakoby-- ;
SaMeyo ;
arvid ;
twixie ;
Uli ;
sKaIjUmPpEr1 ;
BONAJESUS ;
Raijankipo ;
Nosikk ;
Nubz ;
Aleksib ;
wallejj ;
Jamppi- ;
Juel-TNT- ;
N44M4 ;
Juho-TNT- ;
lehtori ;
LYNXi ;
z0re1 ;
jelo ;
Derkeps ;
moonsh1n3- ;
VazZuli ;
Kivesmies ;
choco ;
ottoNd ;
Sm1llee ;
mc_kasikaasu ;
wils0n- ;
Jimpphat ;
suNny- ;
Hung ;
bjesu ;
weaNd ;
Latew0w ;
peksi-- ;
dreamerje ;
jezkuee ;
VEMBERI ;
phiit ;
pietola ;
jemi ;
SlSSl ;
hsdog-_-123 ;
Bubla ;
-Banjo;
elo_tourist ;
PASKA ;
ViOLEX ;
juissi ;
yolt1337 ;
cLion- ;
-w1Lp;
LuNaB ;
ykis ;
xdmanta ;
zks- ;
Spodee ;
GuczeK ;
welhoboy87 ;
Tikkuu ;
Jekkued ;
joona ;
MIKELS0N ;
Podiii ;
ROUMI ;
wupwup ;
asdasgfghghk ;
JANPPA1 ;
kETTUb ;
terhentelija ;
dotoooo ;
tenkane ;
VORMISTO ;
FEIZZZZZZZZY ;
VIVALAHORROR ;
RONDE ;
fEliXdACaT- ;
Sebu ;
t0m47 ;
emd ;
Tumi-iwnl ;
epik- ;
B0nkeRs- ;
celanne ;
jontzu- ;
kNSTA ;
thombee ;
nexu_ ;
BUBBIS ;
girl ;
Syn-G- ;
--AKE;
-jrk;
spargo_ ;
hookING_ ;
Vladimus ;
KONSTABBB ;
CAUSEFEAR ;
poc ;
kide ;
Lydiwaa ;
Jynkyttaja69 ;
TuplaJ ;
KippariZ ;
FeitaNw0w ;
sienikoira ;
Z1KZ ;
HENU ;
Kalifi ;
teksi ;
kissa-aune ;
ArttuK- ;
jeMmo ;
vlpri ;
Jaanzje ;
Mali-- ;
6Miikka9 ;
TSUG ;
LUCC1 ;
bogels ;
Har1b0 ;
airaxdog ;
nipa ;
heku ;
jane_honda ;
nizee ;
lukee ;
sAw ;
Bollee ;
Jonttu ;
hanq ;
TSUUKA ;
SEQUUUUUUUU- ;
derbi- ;
maveBEAST ;
MEZZ0BIS ;
r0tta ;
myffe1 ;
snobije ;
Maukasta ;
_SkaV_ ;
-kappe;
JrvL ;
dansku-TNT- ;
jAKSUU ;
HarriHevonen ;
Cazzius ;
feNcyy ;
Mixbooz ;
SADDYX_ ;
pekoo ;
H1BERR ;
Thelegend275 ;
0P71MU5 ;
Tumbej ;
Copperi ;
Elfern ;
losuuj ;
1prizrak ;
VAZE0NFIRE- ;
MiikA- ;
kenta ;
L5T ;
-razze;
defcon ;
-Samppa- ;
fuktis ;
Qw_ ;
samppa-_- ;
El_Jefe ;
peppuvako ;
BASiC_1 ;
EXITTTTT ;
SlaiBa ;
C0braaz ;
tepiboi ;
traken- ;
mukavapeluri ;
juh1S ;
leozyi_ ;
Sirkkeli ;
Bulky ;
JandrA ;
eetus ;
Lukasb-_- ;
miikasd ;
yorcow1 ;
LKTp ;
mIKKO ;
Silsaviitta ;
kartsab ;
koira ;
Tyyben ;
knockO ;
kookake ;
-Lalli;
jopsykka ;
Broiler1 ;
Fakermad ;
athO_o ;
vipsu ;
mwcb ;
Jacobzera ;
jANEZi ;
Scammer ;
SAKIC- ;
JALLU ;
Type ;
Homojuusto ;
Jiikooo ;
affect1oN-- ;
Nksu ;
sokrf ;
KonZero ;
Simplink ;
kuristaja69 ;
OUKIDOUKII ;
teppoh ;
josstE ;
myltsi ;
msu91 ;
KorvN ;
Myggiss ;
Tuxe ;
nlw ;
decof_ ;
BUSDRIVER1 ;
ppeku ;
JokkeO ;
Morabotti ;
Arttub ;
manlet ;
Jesuvius ;
pedunzea ;
oopee ;
swaglex ;
ociriz ;
BembE- ;
-dULLis;
SuoB ;
Mad_Morski ;
1dent1fy ;
cheapliqueur ;
Aksa1bw0w ;
Moonzy ;
niska- ;
-eDi;
usviz ;
qiini ;
TAPIRIRI ;
jopeZi ;
akkee- ;
CFGgenerator ;
ZEIEI ;
FLAMERBOI ;
Peetasepanee ;
luubus ;
Kuning4s ;
sammppa ;
JaPPe- ;
aivis ;
jamBerTo1 ;
Hurtti ;
HANNUHANNUHA ;
Makkoo ;
5tillaliv3 ;
Erno_poliisi ;
ponu ;
blond3midget ;
ARQY ;
SAZIZ ;
asfryeayry ;
LHella ;
AHMA_ ;
sAKKEE- ;
hNR11 ;
mikoz ;
Vel3Ho ;
tuutti ;
wTy ;
Jebs ;
KAAKAOMUROT ;
Flatti ;
Vuubit ;
kONTYS ;
NIKOZI ;
Mikzuuu ;
Tatskaa ;
Repob0b ;
herneaivo ;
rmN-_- ;
JUS6 ;
BONECOLD ;
Bobini ;
--Carson-- ;
naCCiboju67 ;
JonsaJonsa ;
keltA ;
mattena ;
ittdsg ;
aveksi ;
CARLOS3 ;
-EDUARDO;
myllly ;
Kazap ;
Aapo17v ;
rairaipumpum ;
zephxD ;
misug ;
-ferk1e;
DLuS ;
hanski ;
paska_homo ;
Vex-_- ;
TompE ;
MarrEyy ;
Waaza_ ;
SoLLaar ;
Miquu ;
Eater ;
JyrGi ;
Nuuttii ;
Car0lina ;
-TOUSTY;
HYNPPAW ;
Jekkuuu ;
rasmljs- ;
HULKKA ;
keTzu ;
p12- ;
Skydex ;
OCEANprotcol ;
kallas ;
hupo ;
ForestWalker ;
-cr0z;
Henkka ;
Xxw07 ;
shed ;
bekszy ;
Tume ;
misodrb ;
keviN- ;
lomppe ;
pantti ;
Juho-_- ;
dinkku ;
rikiDOG- ;
Ntwe ;
Jehova_ ;
panegod ;
snyyy ;
aleteuz ;
b3ltsi ;
ukkium ;
JupeasdasdD ;
Nyyberg ;
Tomppelii ;
MEZi ;
fuarKKK ;
leinaaD ;
KenshiGee ;
Driiveri ;
tomiv ;
jonza ;
madaradanze ;
zes1 ;
jubij ;
tuspa7 ;
Mobiili ;
aohh ;
Hiitali ;
neverbnknowN ;
-Pks;
system1_ ;
Roppeni ;
kmzdas ;
Pegi- ;
Loreall ;
niklasjj ;
hEssuu ;
ggsnup ;
mikirotta ;
Omni-- ;
Minilirre ;
ROBERTHOOFEN ;
Kimmy- ;
ossithegamer ;
S00DA ;
adisoni ;
ratguy ;
Lihikasa ;
McDuck ;
Mantyyy ;
zahilito ;
Botrik ;
sienikurwa ;
S1rva ;
puliminister ;
island3r ;
RisKaa ;
trezpa ;
dDaniii ;
handew ;
turuntoree ;
HUONO_PELURI ;
matt1n ;
aapow0w ;
teramonster ;
Heksu ;
kukkonugetti ;
KAPPPE ;
MuarCo ;
ioerfash ;
Jahteela- ;
-Backpack;
Gaas ;
Nyctalopia ;
Jerppa ;
eXt1nctor ;
teppo ;
jNt_ ;
Stevie_Nicks ;
raatelija ;
NoSkillSaTaN ;
uleyeez ;
-Zakke;
shamizi;
7ckinMad;
makkje;
Sandiwaa;
