1;zehn-f- 
2;xartE 
3;reflex 
4;xseveN 
5;KHRN 
6;Aeriall 
7;Jone 
8;Tunkkis 
9;sergej 
10;hoodyy- 
11;_KRTZ 
12;jakoby-- 
13;SaMeyo 
14;arvid 
15;twixie 
16;Uli 
17;sKaIjUmPpEr1 
18;BONAJESUS 
19;Raijankipo 
20;Nosikk 
21;Nubz 
22;Aleksib 
23;wallejj 
24;Jamppi- 
25;Juel-TNT- 
26;N44M4 
27;Juho-TNT- 
28;lehtori 
29;LYNXi 
30;z0re1 
31;jelo 
32;Derkeps 
33;moonsh1n3- 
34;VazZuli 
35;Kivesmies 
36;choco 
37;ottoNd 
38;Sm1llee 
39;mc_kasikaasu 
40;wils0n- 
41;Jimpphat 
42;suNny- 
43;Hung 
44;bjesu 
45;weaNd 
46;Latew0w 
47;peksi-- 
48;dreamerje 
49;jezkuee 
50;VEMBERI 
51;phiit 
52;pietola 
53;jemi 
54;SlSSl 
55;hsdog-_-123 
56;Bubla 
57;-Banjo
58;elo_tourist 
59;PASKA 
60;ViOLEX 
61;juissi 
62;yolt1337 
63;cLion- 
64;-w1Lp
65;LuNaB 
66;ykis 
67;xdmanta 
68;zks- 
69;Spodee 
70;GuczeK 
71;welhoboy87 
72;Tikkuu 
73;Jekkued 
74;joona 
75;MIKELS0N 
76;Podiii 
77;ROUMI 
78;wupwup 
79;asdasgfghghk 
80;JANPPA1 
81;kETTUb 
82;terhentelija 
83;dotoooo 
84;tenkane 
85;VORMISTO 
86;FEIZZZZZZZZY 
87;VIVALAHORROR 
88;RONDE 
89;fEliXdACaT- 
90;Sebu 
91;t0m47 
92;emd 
93;Tumi-iwnl 
94;epik- 
95;B0nkeRs- 
96;celanne 
97;jontzu- 
98;kNSTA 
99;thombee 
100;nexu_ 
101;BUBBIS 
102;girl 
103;Syn-G- 
104;--AKE
105;-jrk
106;spargo_ 
107;hookING_ 
108;Vladimus 
109;KONSTABBB 
110;CAUSEFEAR 
111;poc 
112;kide 
113;Lydiwaa 
114;Jynkyttaja69 
115;TuplaJ 
116;KippariZ 
117;FeitaNw0w 
118;sienikoira 
119;Z1KZ 
120;HENU 
121;Kalifi 
122;teksi 
123;kissa-aune 
124;ArttuK- 
125;jeMmo 
126;vlpri 
127;Jaanzje 
128;Mali-- 
129;6Miikka9 
130;TSUG 
131;LUCC1 
132;bogels 
133;Har1b0 
134;airaxdog 
135;nipa 
136;heku 
137;jane_honda 
138;nizee 
139;lukee 
140;sAw 
141;Bollee 
142;Jonttu 
143;hanq 
144;TSUUKA 
145;SEQUUUUUUUU- 
146;derbi- 
147;maveBEAST 
148;MEZZ0BIS 
149;r0tta 
150;myffe1 
151;snobije 
152;Maukasta 
153;_SkaV_ 
154;-kappe
155;JrvL 
156;dansku-TNT- 
157;jAKSUU 
158;HarriHevonen 
159;Cazzius 
160;feNcyy 
161;Mixbooz 
162;SADDYX_ 
163;pekoo 
164;H1BERR 
165;Thelegend275 
166;0P71MU5 
167;Tumbej 
168;Copperi 
169;Elfern 
170;losuuj 
171;1prizrak 
172;VAZE0NFIRE- 
173;MiikA- 
174;kenta 
175;L5T 
176;-razze
177;defcon 
178;-Samppa- 
179;fuktis 
180;Qw_ 
181;samppa-_- 
182;El_Jefe 
183;peppuvako 
184;BASiC_1 
185;EXITTTTT 
186;SlaiBa 
187;C0braaz 
188;tepiboi 
189;traken- 
190;mukavapeluri 
191;juh1S 
192;leozyi_ 
193;Sirkkeli 
194;Bulky 
195;JandrA 
196;eetus 
197;Lukasb-_- 
198;miikasd 
199;yorcow1 
200;LKTp 
201;mIKKO 
202;Silsaviitta 
203;kartsab 
204;koira 
205;Tyyben 
206;knockO 
207;kookake 
208;-Lalli
209;jopsykka 
210;Broiler1 
211;Fakermad 
212;athO_o 
213;vipsu 
214;mwcb 
215;Jacobzera 
216;jANEZi 
217;Scammer 
218;SAKIC- 
219;JALLU 
220;Type 
221;Homojuusto 
222;Jiikooo 
223;affect1oN-- 
224;Nksu 
225;sokrf 
226;KonZero 
227;Simplink 
228;kuristaja69 
229;OUKIDOUKII 
230;teppoh 
231;josstE 
232;myltsi 
233;msu91 
234;KorvN 
235;Myggiss 
236;Tuxe 
237;nlw 
238;decof_ 
239;BUSDRIVER1 
240;ppeku 
241;JokkeO 
242;Morabotti 
243;Arttub 
244;manlet 
245;Jesuvius 
246;pedunzea 
247;oopee 
248;swaglex 
249;ociriz 
250;BembE- 
251;-dULLis
252;SuoB 
253;Mad_Morski 
254;1dent1fy 
255;cheapliqueur 
256;Aksa1bw0w 
257;Moonzy 
258;niska- 
259;-eDi
260;usviz 
261;qiini 
262;TAPIRIRI 
263;jopeZi 
264;akkee- 
265;CFGgenerator 
266;ZEIEI 
267;FLAMERBOI 
268;Peetasepanee 
269;luubus 
270;Kuning4s 
271;sammppa 
272;JaPPe- 
273;aivis 
274;jamBerTo1 
275;Hurtti 
276;HANNUHANNUHA 
277;Makkoo 
278;5tillaliv3 
279;Erno_poliisi 
280;ponu 
281;blond3midget 
282;ARQY 
283;SAZIZ 
284;asfryeayry 
285;LHella 
286;AHMA_ 
287;sAKKEE- 
288;hNR11 
289;mikoz 
290;Vel3Ho 
291;tuutti 
292;wTy 
293;Jebs 
294;KAAKAOMUROT 
295;Flatti 
296;Vuubit 
297;kONTYS 
298;NIKOZI 
299;Mikzuuu 
300;Tatskaa 
301;Repob0b 
302;herneaivo 
303;rmN-_- 
304;JUS6 
305;BONECOLD 
306;Bobini 
307;--Carson-- 
308;naCCiboju67 
309;JonsaJonsa 
310;keltA 
311;mattena 
312;ittdsg 
313;aveksi 
314;CARLOS3 
315;-EDUARDO
316;myllly 
317;Kazap 
318;Aapo17v 
319;rairaipumpum 
320;zephxD 
321;misug 
322;-ferk1e
323;DLuS 
324;hanski 
325;paska_homo 
326;Vex-_- 
327;TompE 
328;MarrEyy 
329;Waaza_ 
330;SoLLaar 
331;Miquu 
332;Eater 
333;JyrGi 
334;Nuuttii 
335;Car0lina 
336;-TOUSTY
337;HYNPPAW 
338;Jekkuuu 
339;rasmljs- 
340;HULKKA 
341;keTzu 
342;p12- 
343;Skydex 
344;OCEANprotcol 
345;kallas 
346;hupo 
347;ForestWalker 
348;-cr0z
349;Henkka 
350;Xxw07 
351;shed 
352;bekszy 
353;Tume 
354;misodrb 
355;keviN- 
356;lomppe 
357;pantti 
358;Juho-_- 
359;dinkku 
360;rikiDOG- 
361;Ntwe 
362;Jehova_ 
363;panegod 
364;snyyy 
365;aleteuz 
366;b3ltsi 
367;ukkium 
368;JupeasdasdD 
369;Nyyberg 
370;Tomppelii 
371;MEZi 
372;fuarKKK 
373;leinaaD 
374;KenshiGee 
375;Driiveri 
376;tomiv 
377;jonza 
378;madaradanze 
379;zes1 
380;jubij 
381;tuspa7 
382;Mobiili 
383;aohh 
384;Hiitali 
385;neverbnknowN 
386;-Pks
387;system1_ 
388;Roppeni 
389;kmzdas 
390;Pegi- 
391;Loreall 
392;niklasjj 
393;hEssuu 
394;ggsnup 
395;mikirotta 
396;Omni-- 
397;Minilirre 
398;ROBERTHOOFEN 
399;Kimmy- 
400;ossithegamer 
401;S00DA 
402;adisoni 
403;ratguy 
404;Lihikasa 
405;McDuck 
406;Mantyyy 
407;zahilito 
408;Botrik 
409;sienikurwa 
410;S1rva 
411;puliminister 
412;island3r 
413;RisKaa 
414;trezpa 
415;dDaniii 
416;handew 
417;turuntoree 
418;HUONO_PELURI 
419;matt1n 
420;aapow0w 
421;teramonster 
422;Heksu 
423;kukkonugetti 
424;KAPPPE 
425;MuarCo 
426;ioerfash 
427;Jahteela- 
428;-Backpack
429;Gaas 
430;Nyctalopia 
431;Jerppa 
432;eXt1nctor 
433;teppo 
434;jNt_ 
435;Stevie_Nicks 
436;raatelija 
437;NoSkillSaTaN 
438;uleyeez 
439;-Zakke
440;shamizi
441;7ckinMad
442;makkje
443;Sandiwaa
